,c,k,z
0,0.0,0.0,0.0
1,0.0,0.0,0.0026631730082590363
2,0.0022653790392675667,0.0018771915691670098,0.003960572306642896
3,0.00555260888930157,0.0034390732240607126,0.0006717431070882144
4,0.006068695191966901,0.0009008839079108454,0.0006213882518767592
5,0.006938352522697845,-0.002102771530847476,0.0018329907870638822
6,0.00931040297141142,-0.004842734319005907,0.0003011701262728944
7,0.010845720626299031,-0.009783533181032127,0.0008171347913434887
8,0.013495917802513413,-0.014969685070592154,0.0009933751032062531
9,0.017014624585020212,-0.020981633603594087,0.0009522892099140068
10,0.021302041464154844,-0.028114544794292512,0.0005554743282324239
11,0.026147232222117733,-0.03660106232373779,0.0013937529917279986
12,0.03273798707865708,-0.045540754726462004,0.0037301400897660226
13,0.04246319956527591,-0.054520788890330685,0.0016135017442441945
14,0.05145870976791976,-0.06713637326061439,0.0035893748129973927
15,0.06356379812045544,-0.07978875957356542,0.0038671663325968424
16,0.07731084452787405,-0.09428276413865545,0.004564083241627695
17,0.09319149191057255,-0.11021700044773404,0.002062674655884222
18,0.1084227875565345,-0.12923849288082023,0.002229814679987282
19,0.12547155581046407,-0.14829839187846913,0.005087397949661083
20,0.146692752870785,-0.16603296196727313,0.002673418280607477
21,0.16725928566254797,-0.18628691154899618,-0.0014157091947387115
22,0.18565667880744074,-0.2080953345072633,-0.004831668326799591
23,0.20236041910672464,-0.22893810392451425,-0.0040579445824585085
24,0.22090252155851522,-0.24561637838088868,0.000914887308086611
25,0.2447871683405963,-0.25744545372097977,0.0031165254495011275
26,0.2712887697920777,-0.26858887276703,0.0063059436036417265
27,0.301276733995407,-0.2792722515865442,0.006188944855130127
28,0.3317367691795078,-0.29178074727146425,0.00867549036656077
29,0.365083937349897,-0.3039719277955921,0.007699219872301171
30,0.398129068471285,-0.31777527821018003,0.00854066724840539
31,0.4325272258453243,-0.33110510669670995,0.007578999508637984
32,0.4665508128932021,-0.34465294605440705,0.0061014315049951265
33,0.4996438976501942,-0.3577475400731627,0.006061776521265273
34,0.5330127326580745,-0.3690923212060631,0.004806403665347334
35,0.5654017411504038,-0.37937546712982645,0.007183029643806923
36,0.6000442778426648,-0.3869036380079604,0.007213904720082763
37,0.6346686536106154,-0.3939679751351157,0.007653629460583321
38,0.6695974161331815,-0.4002071407154465,0.006595683313383093
39,0.7033852120328714,-0.40620522579885987,0.00877884367522425
40,0.7389784533508901,-0.4102863309509637,0.006875962487460622
41,0.7725301578110362,-0.41490191667425386,0.007852627465540217
42,0.8066757389997959,-0.4179693056071662,0.0067582523093834635
43,0.839435633994748,-0.42080052250509004,0.004541472974389188
44,0.8697219262192608,-0.42322528595939657,0.003335724891900425
45,0.8984156190542285,-0.4242577104732254,0.0015597563627654948
46,0.924918521384273,-0.4242045597110594,0.0010563732672061964
47,0.9503588828227084,-0.4225839273460075,0.00032527411171901714
48,0.9744773102938579,-0.4199692120187403,0.0009333502787595105
49,0.9984954769479788,-0.4161715196970821,0.0020169881041347897
50,1.022845882544456,-0.4117000471123816,0.0016212981834740105
51,1.0461524518123684,-0.40743143633158846,0.0014884226006679376
52,1.0686714002278952,-0.4029523033634457,0.0019921898782424108
53,1.0910044028955652,-0.3980699675552759,0.0008128222416648877
54,1.1115835165266532,-0.3934476385237896,0.0021885011694348505
55,1.1328099555801439,-0.3879527750086925,0.0037635255877284195
56,1.1548825187602714,-0.38227542782202384,0.003982510902996956
57,1.1765547797989593,-0.3770971782334753,0.008572792687616178
58,1.2019563445108838,-0.37106164654140134,0.009979070928256227
59,1.2281367893389592,-0.3662651239356881,0.009255572439455094
60,1.2531375471010753,-0.3625761339638405,0.008068432923197859
61,1.2765427173044406,-0.35915344523215953,0.007200646765149784
62,1.298655866657183,-0.3554530315072218,0.00583715662770256
63,1.3190093350923886,-0.3515383000311914,0.007802869102537187
64,1.3407347509795695,-0.3465713924697116,0.006017105586466898
65,1.360311163409364,-0.34232602804626416,0.00555400593950966
66,1.3789926807736916,-0.337711197033406,0.004217713480535201
67,1.3959605887558095,-0.3330528477750004,0.00609919352012497
68,1.414251428578937,-0.3275398929324119,0.0029571217856719316
69,1.4291430121966762,-0.32301490080441286,0.0020842673300770533
70,1.4427800304501062,-0.3178761436377278,0.0017362425812494236
71,1.4556592826087673,-0.31235287126318456,0.0022881432943694002
72,1.468637897708118,-0.306543929121247,0.003095541932994367
73,1.4819709619170125,-0.3007354563640478,0.0025091850516836046
74,1.4943599054684764,-0.29532465254237505,0.0043618707140983025
75,1.5081217464844783,-0.2895749457833454,0.004773284736016854
76,1.5219133119831343,-0.2842766464667944,0.009469922612085218
77,1.5398010273314455,-0.2785084601477733,0.005979783507154524
78,1.5540755807297888,-0.27457248697682446,0.006921995657814024
79,1.568935543516447,-0.269971309802446,0.004485630799894447
80,1.58119517574646,-0.26587098965658995,0.002665331624555236
81,1.5914404935700879,-0.2615242247604121,0.006502234226178936
82,1.6050234143833981,-0.25612172039164455,0.00966675081154859
83,1.6213249395218816,-0.2510958364864016,0.005471042309748864
84,1.6334037598024616,-0.24759807567654515,0.0047519427960554216
85,1.644552897511787,-0.24350190424427287,0.0043826499608302484
86,1.655105978366491,-0.23919186277290017,-9.99067541744723e-05
87,1.6611756377920053,-0.23538470382020993,-0.0001925724391432548
88,1.6669155729819938,-0.2306791923940816,0.0006037386169773874
89,1.6731715859743659,-0.2257419229759746,0.0010080819763645973
90,1.679582477371819,-0.2209675027844612,-0.0030311096619357477
91,1.6819502711872696,-0.21687822159770803,-0.0006641377092736606
92,1.6863438441960705,-0.2118212030057271,-0.0001418428705139981
93,1.6910257100109884,-0.20711830962811434,-0.00025857478597310677
94,1.695401117148191,-0.20268310963421912,-0.00175343196816985
95,1.6981726119965055,-0.1985140146747657,-0.00024184233672167824
96,1.702194109118257,-0.1939962383052602,0.0016067880830732367
97,1.7077939811464846,-0.1895992677330226,0.0005622624012486168
98,1.7122409746497445,-0.1857675430107919,0.0007133245063652182
99,1.7166744686709423,-0.18187962120577464,0.0023316555263714874
100,1.7224914500281583,-0.17791407686097369,-0.0016939514899500974
101,1.7243496833209275,-0.17469990219634957,-0.001374302593399316
102,1.7263697546350354,-0.17090534813971336,-0.005120501239978151
103,1.7247008812631033,-0.16750621741406757,-0.006710294707677135
104,1.7213885158556252,-0.16373528916482905,-0.005435277104127192
105,1.7191515812501763,-0.15960212901189183,-0.005452246774974759
106,1.716771277174188,-0.15571584519832515,-0.005979911140197478
107,1.7137691199112794,-0.15198907005981682,-0.006272883289066028
108,1.7103724384725154,-0.14830392567790782,-0.004262821906569413
109,1.708770403801001,-0.1444866758942938,-0.0026360199017376722
110,1.7086063450411322,-0.14090451813461535,-0.004078756759145162
111,1.7069750532918782,-0.13778782525987515,-0.00328893747152397
112,1.7059979193919133,-0.13451907578261052,-0.004066105100918806
113,1.7041927045011318,-0.13147332033768405,0.0009458513660018345
114,1.707055573609223,-0.12802362595150468,-0.0005801546793156013
115,1.7083908121397828,-0.12540378444112843,-0.0011768044600240003
116,1.7090833852613019,-0.12276875767090442,-0.0018157280734577867
117,1.7090956216981954,-0.12015030838435277,-0.002602994142224926
118,1.7082891521004653,-0.11755833142402872,-0.0021906360989848157
119,1.707804702217224,-0.11489253478063298,-0.0015350056538449529
120,1.7078762054736092,-0.11228040459775974,-0.004695396866784295
121,1.704885134361265,-0.11001891141078728,-0.005606853746564259
122,1.7009666376110506,-0.10751980538229834,-0.007967406151018958
123,1.6947468676382003,-0.10509428700122277,-0.005096625191094377
124,1.691192414189712,-0.10227633841712624,8.885623258329551e-05
125,1.6925045253821305,-0.09948861477551028,0.0028508778800251677
126,1.6963884699108638,-0.09717298871979417,0.0034008002167262756
127,1.7007485794721628,-0.09521613931716544,0.005275792420358234
128,1.7068452534115979,-0.09327827731233337,0.005345623333379787
129,1.7129675163216371,-0.09156934990578812,0.008391775415667381
130,1.7219427827231346,-0.08974664890973216,0.009307965862550897
131,1.7317518276047008,-0.08820122371031291,0.008382674281873906
132,1.7406483009262177,-0.08684272840642819,0.005704438178912627
133,1.7469687546109507,-0.08557019146479267,0.00413929106151
134,1.7517699784393839,-0.08414957367914801,0.004559987551552512
135,1.7569378713276786,-0.08257344590893487,0.0018803162124987763
136,1.7595298970607343,-0.08118407066054929,0.0013427141290748494
137,1.7615801838544427,-0.07962000974745749,0.003955431042536213
138,1.7660809584779624,-0.07790050175894855,0.0038162789122957418
139,1.7704212466694162,-0.07643336423335015,0.0075962364588597325
140,1.7783237413484199,-0.07482607233375899,0.01011075583725319
141,1.788589088430055,-0.07343675880276741,0.009029959218089368
142,1.7978050348903412,-0.07233607585894697,0.005859840110972901
143,1.8039881011506014,-0.07132134053710464,0.005470765454965414
144,1.8097790870511627,-0.07009631372247618,0.004235652501953095
145,1.8143751326664663,-0.06889929697715196,0.004779376048786124
146,1.8194659987615862,-0.0676099136152683,0.007769223194637747
147,1.8273756362002649,-0.06625811330102695,0.005134553964457093
148,1.8327640333416835,-0.06524419912126733,0.004100370372524616
149,1.8371513246714168,-0.06412061997762655,0.004560051752961419
150,1.8419566444923279,-0.06292102490591292,0.006601995511477159
151,1.8486834848906275,-0.061694287986742626,0.007293324558699027
152,1.8560502442003828,-0.060598347014894485,0.007757253613152094
153,1.8638417614158658,-0.059556493437509496,0.010058489779226371
154,1.8738037233369391,-0.05848399030378357,0.010542595924761628
155,1.8842112842149492,-0.057554342394911626,0.009541457759476584
156,1.8936544266936188,-0.05670855816566046,0.00917895517181479
157,1.902740013152675,-0.055830138844205415,0.007305864519089723
158,1.910033674737972,-0.05500135159792425,0.008033900968204305
159,1.9180060966277073,-0.05405581906185813,0.00951720673767437
160,1.9273751841745699,-0.053115209189446705,0.0030821528586683833
161,1.9306206211278056,-0.05246669607736445,0.005364342916437059
162,1.9360217225140712,-0.0514225238646939,0.0049830843244500255
163,1.9410493552688717,-0.05051220225167626,0.005655707013025256
164,1.9467049332225033,-0.049584652221155656,0.006697669685823259
165,1.9533397666142336,-0.048678034225858306,0.0017725795436068495
166,1.955286579760429,-0.04797530280788096,-0.0007079080565005284
167,1.9548671614442437,-0.04711634132375911,-0.001338714977951172
168,1.9538384983327968,-0.046163959786331775,-0.0028545607709885013
169,1.9513602254455007,-0.04523636011103855,-0.0021634871709188624
170,1.9495288546903549,-0.044241038134368506,-0.0030851326573154226
171,1.9468129514933132,-0.04331849763477355,-0.00635301841875818
172,1.9409841479283954,-0.04245652873287268,-0.00481077287282317
173,1.93661155742377,-0.04143555789077638,-0.002369975481155354
174,1.9345491965002042,-0.040440648315316394,-0.0011227716543253503
175,1.9336638536653712,-0.039542572613300596,-0.002492231945263202
176,1.931470402375076,-0.038749105238277445,-0.002889339305108392
177,1.928892670218148,-0.03792902870071531,-0.0016480162072613229
178,1.927487261792714,-0.03708279245977201,-0.000359217296437073
179,1.9272996478257927,-0.036274585373954026,0.0016724658456344257
180,1.9290358678018031,-0.035491333787580494,0.0009999905385728188
181,1.9301275902365427,-0.03481430125211777,-0.0018917700186642911
182,1.9284668564548282,-0.034186767710131925,-0.0031550750669711585
183,1.9256005963023535,-0.033493913162952145,-0.0019295516950008503
184,1.923893142527171,-0.03274552803119115,-0.0003451253026789589
185,1.9236857166783408,-0.03202391815208131,0.004122230240101378
186,1.927717208493025,-0.03128937624203973,0.0041504815684852755
187,1.931771207514786,-0.030716944253928683,0.004432186530590992
188,1.9360886584769423,-0.030155311474382652,0.0038559795587703063
189,1.9398547677489453,-0.029623021901606456,0.002851721525533607
190,1.9426630321243998,-0.02910003308887889,0.004272685830008157
191,1.9468173724506437,-0.028532186538557575,0.004766006766115449
192,1.951436784138092,-0.028008359319869648,0.0041131474563668
193,1.9554326137660158,-0.02752002038913501,0.0017480953156307631
194,1.9571784623158812,-0.02705946596822321,0.0014145508928289452
195,1.9586041894936153,-0.026545942431919555,0.0005618589775746907
196,1.9592167368634152,-0.02604458737008814,0.003044113492115099
197,1.9621842460469094,-0.025493174921624694,0.0047861599738597185
198,1.9668037609467202,-0.02499236351908148,0.002502230590611943
199,1.9692509430827088,-0.024580109909435863,0.004711455797889581
200,1.9737941388839473,-0.0240875379163011,0.0033319293814195678
201,1.9770243396927205,-0.02367689700839157,0.0034316079060907052
202,1.9803467892385562,-0.02323983634295498,0.005665515258725979
203,1.9857890243498437,-0.022783205482596398,0.003332733561699112
204,1.9890129965279066,-0.022417578503830533,0.003486895209499274
205,1.9923812401160963,-0.022003783097460622,0.0010515998747456286
206,1.9934339343812648,-0.021630317758040567,-0.002883579481036509
207,1.990746249772989,-0.021257886168803218,-0.000766204873188688
208,1.9900679203216451,-0.020781306347751348,-0.0006714398949310138
209,1.9894776538743102,-0.020357130120194585,-0.0022826030958457925
210,1.9873549454148003,-0.019962965810760534,-0.0053415764627492
211,1.9823244507213196,-0.019578456155262082,-0.0058774432783551805
212,1.9767830673601212,-0.019146229348277404,-0.0028992125459273714
213,1.9740691686430931,-0.018679920720528976,-0.0019493137316541078
214,1.9722560168112464,-0.018271141070308458,-0.002597370877945137
215,1.969825674604382,-0.017896766292301608,-0.003811549206984572
216,1.966240389726582,-0.017530971814465682,-0.0034093475810438325
217,1.9630357298618561,-0.017146757432525736,-0.0063334909838267
218,1.957051796683499,-0.016806323061937446,-0.003327203413378904
219,1.9539224001395028,-0.0163935542395227,-0.0021544648794369807
220,1.9519058043526385,-0.01602971303305566,0.0003419595694613615
221,1.952259559595508,-0.01567114906425941,-0.0008021497514039937
222,1.9515253034217075,-0.015371845685335558,0.0009476152487915414
223,1.9524522002495346,-0.015045167788636378,0.0022760439376750133
224,1.9546400531810355,-0.014741059223599442,-0.0009038956957891022
225,1.953806035357329,-0.014491007186953387,-0.0005607795090458705
226,1.9532969991753597,-0.014194736832763092,9.748180284975668e-05
227,1.953412369833498,-0.013903620126509059,-0.0010572276153976233
228,1.9524298928680406,-0.013637377728658431,-0.0017247085034866468
229,1.9508124516996157,-0.013365293249543761,-0.0007661024852468364
230,1.9501048365222842,-0.013081818078700548,-0.0008036331250105626
231,1.9493607719089907,-0.01281762306342244,-0.0027728841738122252
232,1.9467451760346592,-0.01257307494192535,-0.001451333791860969
233,1.9453842872913154,-0.012297819620339101,-0.0009231323745775048
234,1.944524474020825,-0.012041506330124851,-0.0003786184400759589
235,1.9441812660830742,-0.011793615315560885,-0.00016816104459672446
236,1.9440373443425087,-0.011556231643582457,0.0007382904690207581
237,1.9447539241277052,-0.011320208704716539,0.00012937193025041194
238,1.9448914483005368,-0.011103850943190729,-0.001602613265056129
239,1.9433830313649882,-0.010895867311007333,-0.003006132279344138
240,1.9405407234261507,-0.010680837941977175,-0.0006446753930608004
241,1.9399412350559675,-0.010439523988850868,-0.004647878928756594
242,1.9355382233338572,-0.010253732776357558,-0.0033344035561162365
243,1.9323824905695157,-0.010020569450538521,-0.006052281143539662
244,1.9266443075944328,-0.009821995895485538,-0.008967367812038912
245,1.9181363310858146,-0.00961609843904749,-0.010532136545028985
246,1.9081413579742457,-0.009393490947084587,-0.010520596967380468
247,1.8981568832756055,-0.009160057566703055,-0.008533552224732384
248,1.890059645456464,-0.008921453878398255,-0.011503677595819592
249,1.879140389908253,-0.008723465789309546,-0.007580342624846189
250,1.871947870522909,-0.008481787879405078,-0.00487387809326714
251,1.8673261025219208,-0.008268352185097567,-0.004895331373906795
252,1.8626836057765246,-0.008084866249428353,-0.005231056422436382
253,1.8577218380981697,-0.007907078275998094,-0.00687656843654751
254,1.8511965203046832,-0.0077381646991249685,-0.005356658827102412
255,1.846114795770444,-0.007551709163955551,-0.004951222944262825
256,1.8414179380661886,-0.00738031069793835,-0.0018795331882023956
257,1.8396388913045998,-0.007202280760160148,-0.0031579877585505046
258,1.8366450578423903,-0.007058716113457348,-0.001904200516941648
259,1.834842064093545,-0.006902720921175822,-0.001881755566698995
260,1.8330601536011595,-0.006759641462615867,-0.003481700294453753
261,1.829758071514991,-0.006626453262434437,0.0004969928035329419
262,1.8302355094802834,-0.0064677789252340434,0.0010313539477163167
263,1.8312203837216028,-0.00633945543441056,0.0022202952533574385
264,1.8333345529397196,-0.006213003741300133,-2.7854926246199865e-05
265,1.8333128011462434,-0.006106080181822977,-0.001471703646946127
266,1.8319192137518125,-0.005991104883625628,-0.0012298393538153183
267,1.8307552170383161,-0.005867629889699687,-0.0023372576993752883
268,1.8285390037270193,-0.005752265229361178,-0.0010163502728990968
269,1.8275774814518193,-0.005627343737218651,-8.880228091475871e-05
270,1.827496969278077,-0.005510192561664578,-0.0016490485554916973
271,1.8259340767086407,-0.0054066241140044565,-0.0011807241593788595
272,1.8248159440530742,-0.005293987489124869,-0.00111363812743404
273,1.8237614024613082,-0.005186219567092209,-0.0013861068024171377
274,1.8224478813624456,-0.0050819392741083035,-0.0036144259911120016
275,1.8190173315295075,-0.004985257348844444,-0.0051047216994969035
276,1.8141708751755679,-0.0048825251195097905,-0.004428584157763284
277,1.8099666226122897,-0.004771591806541634,-0.002179185688375741
278,1.807899175166078,-0.004660045309709541,-0.004010622049909439
279,1.804091755063414,-0.004568325201349702,-0.0013757278291261924
280,1.8027873708254096,-0.004461420706356713,-0.0009416466805317832
281,1.8018952616605648,-0.004369103599562307,-0.0034342035301109597
282,1.7986351305508932,-0.004287791169818261,-0.002615713494162081
283,1.7961524677848968,-0.004193604901066334,-0.0007133781042441823
284,1.7954769298223079,-0.004100306734065872,-0.00014891981577054927
285,1.7953375411819315,-0.004016556758232008,0.00449678081027294
286,1.7996114808227532,-0.0039253377122181535,0.0048892771161348795
287,1.8042582182726281,-0.0038561826202972303,0.006429941323359127
288,1.8103685147981532,-0.0037862894893817035,0.006130489650742766
289,1.8161942665571746,-0.003725076384717273,0.007784113424209593
290,1.8235908951173003,-0.0036596744434529557,0.002603763726215517
291,1.8260661367823794,-0.0036142488826073444,0.0007585305098253658
292,1.8267883461748797,-0.0035521890282156775,-7.952188165259938e-06
293,1.8267823359290418,-0.0034853925739440853,0.0010002992236637091
294,1.8277341035005699,-0.003414621653444273,0.0013269466916438616
295,1.8289961289112324,-0.00334847426653414,0.0034310535043738603
296,1.8322569994375977,-0.003280468402499844,0.003973378963166453
297,1.8360330277630055,-0.003220543263447485,0.0041893691497883745
298,1.840014197933446,-0.003163274342185514,0.0036897716176488007
299,1.8435207041140647,-0.0031087753522648053,0.0038330915421232246
300,1.8471633187947978,-0.0030531802568227124,0.0053004619338115466
301,1.8521998907387243,-0.0029962841340195044,0.006546038753025319
302,1.8584197187137679,-0.0029430702185492884,0.007977708196489377
303,1.8659995928137887,-0.002892308886386043,0.007098910189007098
304,1.8727445726201906,-0.0028486098706213326,0.005353851388742071
305,1.8778317117031529,-0.0028057936978694393,0.004143358653377591
306,1.8817688478539314,-0.00276021185289158,0.0046351435380434436
307,1.8861731445200574,-0.002710816360243156,0.007626300949127968
308,1.8934190057634557,-0.002658832510383649,0.007723664434534049
309,1.9007573314728057,-0.0026164437151414773,0.008307486469101906
310,1.9086502581491775,-0.0025740748037995213,0.004574902732500221
311,1.9129972036699636,-0.002539795185159583,0.00970597821183384
312,1.9222186396271013,-0.0024877827733022695,0.007013635038719694
313,1.928882324866366,-0.0024546924958636133,0.010298518504212388
314,1.938666621992768,-0.0024100419174684857,0.008671497895719162
315,1.9469052262704398,-0.0023770488779702387,0.010153345480308577
316,1.956551561484063,-0.0023382176684270616,0.011276119569149985
317,1.9672645092613452,-0.002302141157855468,0.01084095239020051
318,1.9775640270831032,-0.0022699261061109033,0.009966094027663013
319,1.9870324090419982,-0.002238209770572284,0.007586369776294187
320,1.9942400334719828,-0.0022078930262326795,0.007099862284033281
321,2.000985455673584,-0.0021730297025185133,0.008947141576120265
322,2.0094857729374302,-0.002135269459168929,0.009244029588125402
323,2.018268115200429,-0.0021018870795846893,0.00701490613453164
324,2.0249327730103714,-0.002072320276741224,0.008980263971200185
325,2.033464502491385,-0.0020360446276209486,0.0061239437894516635
326,2.039282711899575,-0.0020077863441183004,0.006237424883722567
327,2.045208711610469,-0.00197388092550647,0.004143179795279077
328,2.049145162914831,-0.0019430714789078754,0.0023706453115324593
329,2.0513976909464096,-0.001910513041145874,0.004411574401547251
330,2.055589085462983,-0.001872882377472984,0.00326531391027735
331,2.0586915180463548,-0.0018410484220158082,7.189685606342512e-05
332,2.0587601907188393,-0.0018108908902588954,-0.001009135050294399
333,2.0578018689070827,-0.0017764792937385292,0.0005545654176766781
334,2.0583290482248504,-0.001739245875311043,-0.0009319612981496584
335,2.0574440142254025,-0.0017069562623665986,0.0015442020669181697
336,2.0589113220506294,-0.0016703791653911136,0.0034835578969827094
337,2.0622210055223227,-0.0016369426520127977,0.003455946019987032
338,2.065504446391737,-0.00160740393438783,0.005630613545833288
339,2.070853810160827,-0.0015764175469726446,0.009074986203183534
340,2.0794753172141154,-0.0015464657914215523,0.004653963897726418
341,2.083896844313154,-0.001526224020409179,0.006734643563056624
342,2.0902950071809876,-0.001497709899968236,0.007616475917468521
343,2.0975309016384887,-0.0014720993714174143,0.006589249656649084
344,2.103790922675214,-0.0014490416870540043,0.007588078387673286
345,2.1109998224680964,-0.0014240600372285683,0.008002126454472886
346,2.1186020598645605,-0.001400583725154016,0.006449786410000152
347,2.124729566711802,-0.0013792342875333598,0.009103733873656174
348,2.133378315790101,-0.001354106858600674,0.008929040913583514
349,2.141861099523736,-0.0013330789185258393,0.010859222375873626
350,2.1521775486255725,-0.0013107493158088918,0.009824770481983186
351,2.1615112621063997,-0.0012919694928817927,0.006062358721865704
352,2.1672706784803517,-0.0012747240600226761,0.00624883696286439
353,2.1732072427961366,-0.0012529223805243966,0.005466230655103142
354,2.1784003250613373,-0.0012322229756189795,0.002671263511039703
355,2.180938182812755,-0.001212746697606622,-0.0008462355220658999
356,2.1801344108287353,-0.0011925716233892399,0.0004289780988471416
357,2.180542085736081,-0.0011679422745286086,0.0029469117572513705
358,2.183341791795592,-0.0011436917463693596,0.005594242122623474
359,2.1886564562497512,-0.001121096701930224,0.006382979941026547
360,2.1947204166692216,-0.0011013107062188175,0.006072035021092695
361,2.200488974751294,-0.0010828764610296036,0.006147272954616846
362,2.2063290043329933,-0.001064381497212544,0.005929458677719902
363,2.211962106000333,-0.0010463917427235372,0.0072223562925074584
364,2.2188234561074567,-0.001027781844029664,0.005874956995000195
365,2.2244047729557725,-0.0010114658029098953,0.0030580296672507194
366,2.2273100050735635,-0.0009955900458149388,0.002466607655882186
367,2.2296533824049125,-0.0009776343077533417,0.002737821720779129
368,2.232254409298683,-0.0009593236189187417,0.002090369726651603
369,2.234240353198107,-0.000941915462178487,0.002037466423332038
370,2.2361760354417526,-0.0009242806055995069,0.006337525977449011
371,2.242196770681127,-0.0009048966853281939,0.0077893848855616465
372,2.2495967687190705,-0.0008888612001197888,0.00462627057206128
373,2.2539918053514536,-0.0008757439624362109,0.005702281672118052
374,2.2594090495445287,-0.0008597641369272306,0.001063950319206146
375,2.2604198763310492,-0.0008469512362159126,0.0022486506520346923
376,2.2625561655485202,-0.0008301998394058161,0.0030906867256553544
377,2.2654923863091123,-0.000814326421119998,0.0029883454456459905
378,2.268331380286738,-0.0007994280738085222,0.0008995168277540907
379,2.269185984668689,-0.0007855693977175635,-0.001112915261700648
380,2.268128776189185,-0.0007712436374539478,-0.00023220406729246063
381,2.2679082409204563,-0.0007554190337677185,-0.0014492035566029098
382,2.2665315538905553,-0.0007409881879218488,0.00029742017197284206
383,2.266814157132699,-0.0007253590476571601,-0.0009646888531814315
384,2.2658977547405357,-0.0007116771975018007,-0.001642826813376698
385,2.264337119262917,-0.0006976762255235602,-4.1742810442114454e-05
386,2.2642975115736093,-0.0006829556958221827,-0.00010750966927417164
387,2.2641954235054684,-0.0006695673578465172,-0.000434935571247385
388,2.263782279044634,-0.0006565124294796012,0.0001259560541527366
389,2.2639019798859588,-0.0006433298073553373,0.0008702693535573423
390,2.2647287766939495,-0.0006305005409180417,0.0006589253975170632
391,2.265354795172879,-0.0006184243222954986,0.0010782318261401073
392,2.2663791532328657,-0.0006063291904757203,0.0007925587736512198
393,2.267132120445618,-0.0005947907211994392,0.0015761356590943442
394,2.26862948428415,-0.0005830814998434801,0.0020729497447290837
395,2.270598820159701,-0.0005718747528580971,0.0029778452117195497
396,2.273427805436208,-0.0005608826544655661,0.00443748766651705
397,2.277643449804714,-0.0005501535314892475,0.002154396857406208
398,2.2796901567877583,-0.000540995859519503,-0.0006687181055417368
399,2.27905490345961,-0.0005316277024286587,-0.0011682859303245923
400,2.2779450595759236,-0.0005211875676905684,-0.0014524572289784455
401,2.2765652518716166,-0.0005107895017327168,-0.00045506326608191444
402,2.2761329673679147,-0.0005002116315256331,-0.002872021170378655
403,2.2734045718866303,-0.0004909126465233735,-0.002343274433479283
404,2.2711784848140657,-0.00048057742051323295,-0.001355209934782825
405,2.2698910580634304,-0.00047045154650682784,-0.004557337710288867
406,2.2655616090683477,-0.00046171903631370533,-0.003459596275587691
407,2.262275013536706,-0.0004515470733984693,-0.0004909776901545629
408,2.261808604788542,-0.0004413742222323421,-0.00021709525549007467
409,2.261602383567604,-0.0004325660843535261,-0.0019891432967828553
410,2.259712715974174,-0.0004244297185701942,-0.00304347281491861
411,2.2568214346133235,-0.0004159833656205421,-0.003041196910436654
412,2.2539323146480155,-0.0004073027421245427,-0.0039326899612868015
413,2.2501962756068363,-0.00039898684361952097,-0.010144858151881722
414,2.240558676171272,-0.00039176745434219625,-0.0067121932589506265
415,2.2341821076784507,-0.0003817685749428468,-0.007310388839073264
416,2.2272372527612614,-0.0003733347118493395,-0.007302908798852345
417,2.220299503276774,-0.00036487740955521515,-0.0050882680898858825
418,2.215465661870193,-0.00035619795371713553,-0.00436336515540044
419,2.211320477703103,-0.0003483206849932077,-0.005122413408727829
420,2.206454197182968,-0.0003409873463554226,-0.005052255821471614
421,2.20165456587001,-0.00033355348743875233,-0.003728840265941512
422,2.198112178847458,-0.0003260740624166795,-0.0024407088504273273
423,2.195793516208828,-0.0003189477942169603,-0.0027017175149044613
424,2.193226894911227,-0.0003124059298050236,-0.0009772363837090457
425,2.1922985302659517,-0.00030564142157911547,0.0006418184335947994
426,2.1929082672996567,-0.00029926244569941467,-0.00036572132197928845
427,2.1925608412032225,-0.00029363173784055144,-0.002359164985549961
428,2.1903196432786096,-0.0002881321246224104,-0.0015860560051286633
429,2.1888128985310713,-0.00028207696065960425,-0.00034865630451050983
430,2.188481683159739,-0.00027617274026453596,-0.0012510745850765922
431,2.187293170109167,-0.00027084532271518967,-0.002060152683560832
432,2.185336032561073,-0.00026550366180864797,-0.0008846079458876403
433,2.184495662211499,-0.0002599011337145737,-0.0005263475816917134
434,2.183995638924352,-0.0002546572718848577,0.0022175480753594623
435,2.1861023162315933,-0.0002492405123954448,0.003137361161853871
436,2.18908281571633,-0.000244468217931925,0.007748742349828949
437,2.196444127075113,-0.00023941098998163528,0.008419685767957142
438,2.2044428344609637,-0.00023542389025777943,0.006206413806620084
439,2.2103389332816334,-0.00023192327583776998,0.005500472881514758
440,2.2155643880186915,-0.00022807024019726193,0.005034497573744303
441,2.2203471660136262,-0.00022418267970848876,0.0014218808570441279
442,2.221697957942606,-0.0002206805122233577,0.0027042032051805475
443,2.2242669559033694,-0.0002163388223512626,0.002690448692012318
444,2.2268228868912225,-0.00021234320991024908,0.0025098438806652056
445,2.229207243130254,-0.00020843816848256755,0.001277714831439017
446,2.230421076603246,-0.0002047014568064889,-0.0009984173826986867
447,2.229472584309903,-0.00020103532347019894,-0.0013827663023435004
448,2.228158960378099,-0.00019704865389858582,-0.003064472740834181
449,2.2252477151733676,-0.0001932402566801312,-0.0028896862457952104
450,2.222502516982276,-0.0001891862551784038,-0.0045576955749531385
451,2.218172709781857,-0.00018540941278071227,-0.007161317217704256
452,2.211369461879175,-0.0001816676609398553,-0.0066138347343083805
453,2.205086322190486,-0.0001775098447763203,-0.005895541776513961
454,2.199485560672999,-0.00017347034992950636,-0.004514294516397946
455,2.195196983919578,-0.0001695141041024262,-0.00417590823182291
456,2.1912298740123575,-0.00016583681113345157,-0.0010358028100592893
457,2.190245864132984,-0.00016202110051915554,-0.002255951092722
458,2.1881027132772615,-0.00015887542719095327,7.585691883162105e-05
459,2.188174779922635,-0.00015541461958036367,-0.0019132008954292437
460,2.1863572415472614,-0.0001525332396610776,-0.0031822237977153687
461,2.1833341313182237,-0.0001495189088271583,-0.0038416510090508163
462,2.179684565143687,-0.00014643590326307587,-0.004144519004733519
463,2.175747274281245,-0.00014334794117618657,-0.0008815908157000889
464,2.1749097651057956,-0.00014003897492914516,-0.002136388016729316
465,2.172880198508417,-0.00013733212775191077,-0.004567599668092005
466,2.168540980764574,-0.00013468871712395752,-0.0028294675432343234
467,2.1658529884585263,-0.0001316616687721033,-0.002735811051274048
468,2.163253969745307,-0.0001289135122878199,-0.005714105442772334
469,2.1578255712915166,-0.00012643628649207418,-0.004735697017406007
470,2.1533266607701593,-0.00012358169281668244,-0.002614183171622085
471,2.1508431883333134,-0.00012076784918525767,-0.0032544276464530793
472,2.1477514835829483,-0.00011830418411007267,2.8711297804042118e-05
473,2.1477787607661725,-0.00011561191154447681,0.0031175992527475603
474,2.150740481447954,-0.00011315624359665611,0.001578343981861052
475,2.1522399095713163,-0.00011118328168739713,0.0032284637270218984
476,2.1553069514002687,-0.00010898155360609164,-0.0011285432058766873
477,2.154234836597633,-0.00010724944348893912,-0.0007315266559656728
478,2.153539887468296,-0.00010507153710794797,-0.002210609627869228
479,2.151439809469838,-0.00010306028431457046,-0.00016445831417338233
480,2.1512835751725157,-0.00010082918788218495,-0.0019052854878495104
481,2.149473555018361,-9.893797227697203e-05,0.0002456595666766241
482,2.1497069326228297,-9.680344554007448e-05,-0.0013724026685332483
483,2.1484031510653527,-9.499872756434411e-05,-0.002160389350465956
484,2.146350782121907,-9.311917495846502e-05,-0.0035632015505634926
485,2.1429657415517105,-9.127543752102391e-05,-0.002944047675141827
486,2.140168897126448,-8.931471561738302e-05,-0.0055430736606949145
487,2.1349029779813655,-8.75727580272086e-05,-0.003972403303084746
488,2.1311291956410368,-8.557171977828234e-05,-0.005120786765969839
489,2.1262644489791214,-8.379820513022016e-05,-0.00038101442258473353
490,2.1259024860101077,-8.175566298751937e-05,-0.0008549379426497862
491,2.1250902956686524,-8.015964139087889e-05,-0.002339399723163994
492,2.1228678666086602,-7.86216811561333e-05,-0.0012608522508194098
493,2.121670057620041,-7.695394886612897e-05,-0.0028614080438778573
494,2.118951720602985,-7.546863844897675e-05,-0.0015319591791050666
495,2.117496359982001,-7.384018669538751e-05,-0.002352919498653282
496,2.1152610870340443,-7.237521636092494e-05,-0.0012598816473664482
497,2.1140642000215357,-7.083857881115564e-05,-0.0010842581060899197
498,2.113034155351434,-6.940351281450257e-05,6.152372978941007e-05
499,2.113092603404239,-6.79664976237496e-05,-0.0013077972588525378
500,2.1118501964984326,-6.66858996697776e-05,-0.002560442012580412
501,2.109417777057601,-6.538497916124038e-05,0.0004460875450448486
502,2.109841560676948,-6.392293201225058e-05,0.0031880764177727346
503,2.112870233707281,-6.258710543974738e-05,0.004871313459246558
504,2.1174979819103936,-6.139092456524828e-05,0.003481973342729195
505,2.120805856987816,-6.036553347801777e-05,0.005857972877459436
506,2.1263709316077266,-5.91969372174222e-05,0.004907410153586412
507,2.1310329716261283,-5.8219336055978305e-05,0.004369358034938287
508,2.135183862118242,-5.722008051990645e-05,0.006267763418203237
509,2.141138237710835,-5.614922263800869e-05,0.005732214362038478
510,2.146583841687688,-5.5218383059379523e-05,0.005367841377743926
511,2.151683291317414,-5.428450375655186e-05,0.0044547223243788054
512,2.155915277834871,-5.3373310354244276e-05,0.0029004547457912176
513,2.158670710141496,-5.247404748839736e-05,0.0013461919995664668
514,2.1599495928282386,-5.155424218875361e-05,0.0005713569381844322
515,2.160492382195797,-5.059445528844377e-05,0.0008466439329869587
516,2.161296694197716,-4.9607465911094815e-05,0.00019591139598091126
517,2.161482810279351,-4.866992045045923e-05,-0.0021715929121450353
518,2.1594197972586815,-4.7780592643631395e-05,-0.0023612786797491273
519,2.157176582749039,-4.680381206148492e-05,-0.0026934084464508724
520,2.1546178449516664,-4.584666159172707e-05,-0.0024184292765813795
521,2.152320337356574,-4.488776881178842e-05,-0.0013933733556060852
522,2.150996632877617,-4.393635250382133e-05,-0.0007355661721020163
523,2.1502978452146837,-4.303302067449925e-05,-0.002353807889249518
524,2.1480617279127783,-4.221247464804044e-05,-0.003893059928580719
525,2.14436332116598,-4.13762469987821e-05,-0.004683421858960908
526,2.139914070577893,-4.05125822634276e-05,-0.0059524916478577395
527,2.1342592036832086,-3.966331252112001e-05,-0.008831628697375454
528,2.125869156584675,-3.884391887414561e-05,-0.009327508689076712
529,2.117008023487083,-3.794352499813526e-05,-0.011723370189423515
530,2.1058708219576356,-3.7093847762808506e-05,-0.0136641954069618
531,2.09288983646508,-3.621500748076781e-05,-0.015461482900904832
532,2.078201427846974,-3.532271851404542e-05,-0.016794640702786693
533,2.0622465193109067,-3.441461469780401e-05,-0.01821930414304284
534,2.0449381805006253,-3.350988759946237e-05,-0.019130231047504758
535,2.0267644611252855,-3.259662849450176e-05,-0.018694199266273984
536,2.009004971936423,-3.166865765920771e-05,-0.01613018026417656
537,1.9936813007940117,-3.07332403916624e-05,-0.018018354196517546
538,1.9765638644109857,-2.9935611357635303e-05,-0.014998379834522776
539,1.9623154036668087,-2.9048002678905407e-05,-0.013199379371132287
540,1.9497759933582461,-2.8244983429348822e-05,-0.011472432359677064
541,1.9388771827062503,-2.7487393926548346e-05,-0.01140592677774753
542,1.9280415523531225,-2.6797736608476907e-05,-0.010451385852671767
543,1.9181127358749832,-2.6111481957722237e-05,-0.008802972974527166
544,1.9097499116274201,-2.544313247254891e-05,-0.007107922388554026
545,1.9029973854330904,-2.481050741278918e-05,-0.007432423513128362
546,1.8959365831672716,-2.4243175806604187e-05,-0.005586444375230698
547,1.8906294610793413,-2.36532759871607e-05,-0.0029013163119487816
548,1.8878732106485752,-2.308664450038745e-05,-0.0008151314430136093
549,1.887098835840578,-2.2571964064862657e-05,0.0006333825708103861
550,1.8877005493431938,-2.210051714366592e-05,-0.0006082619935733514
551,1.8871227005073645,-2.169069426802918e-05,-0.0005684278049767185
552,1.886582694148429,-2.1258348316912414e-05,-0.0002459385349600505
553,1.8863490525938167,-2.0831398666678074e-05,-0.0011587198427192105
554,1.8852482687947745,-2.0431915364924343e-05,-0.0006636661866997078
555,1.8846177859669053,-2.001347945046262e-05,-0.0002929756598600231
556,1.884339459137585,-1.9609997322375483e-05,-0.0003783212332102424
557,1.8839800540117315,-1.922365565925638e-05,-0.0006592174627389506
558,1.8833537974660506,-1.8846393462423798e-05,-0.000696912714216897
559,1.882691730429747,-1.8471140865623507e-05,-0.0005948340093401917
560,1.8821266381614206,-1.8101448641947843e-05,-0.0012982442893624136
561,1.8808933061255038,-1.774891093039951e-05,-0.0020817549164753296
562,1.8789156389923098,-1.7397928347546283e-05,-0.002079366470846706
563,1.8769402408809708,-1.7038850479444792e-05,-0.004222906553257803
564,1.8729284796899541,-1.670938900503161e-05,-0.00772647755717475
565,1.8655883260438748,-1.6382367025880262e-05,-0.007773203543043916
566,1.8582037827098057,-1.5998961002252393e-05,-0.009742952370523993
567,1.8489479779883116,-1.5642669548370503e-05,-0.0059662824882510505
568,1.8432800096535782,-1.5223919992358938e-05,-0.004221109970607139
569,1.83926995520936,-1.486346869673129e-05,-0.0015137558800040942
570,1.8378318871500294,-1.4515531691167899e-05,2.7383454449278737e-05
571,1.8378579014573486,-1.4205910554603206e-05,-0.0006160311940821946
572,1.8372726718475796,-1.3933238131602399e-05,0.0004165602994890599
573,1.8376684041557245,-1.3646745607435306e-05,0.0014356169069644346
574,1.8390322402400436,-1.3373391136622498e-05,-0.0013919155968608998
575,1.8377099204449026,-1.3144433264401249e-05,0.0002471014743611658
576,1.837944666866536,-1.286406676568813e-05,-0.0015578689334670031
577,1.8364646913999432,-1.2627874993741494e-05,-0.003836651351000714
578,1.8328198726359213,-1.238817716313574e-05,-0.002162443972434339
579,1.8307655508807263,-1.210835182078569e-05,-0.003200020436948135
580,1.8277255314835121,-1.1865463113252942e-05,-0.004962030101200896
581,1.823011602904554,-1.1626547367907678e-05,-0.0023380926073443197
582,1.8207904149440224,-1.135025869089295e-05,-0.005753517978021479
583,1.8153245728807241,-1.1138421671353727e-05,-0.007006665393741554
584,1.808668240771844,-1.089608460383345e-05,-0.004407848292844566
585,1.8044807849081492,-1.0625698064797663e-05,0.001155914299621987
586,1.8055789035066523,-1.0356061109061935e-05,0.001227009584777005
587,1.8067445626255219,-1.015871496755013e-05,0.0029926277330893595
588,1.809587558984764,-9.954599157320471e-06,0.0008489839262593698
589,1.810394093727057,-9.788314846282011e-06,0.00495663206916884
590,1.8151028942046086,-9.575266784248324e-06,0.0035284274043359517
591,1.818454900250149,-9.420666696457597e-06,-0.0022799964001828663
592,1.8162889036810146,-9.287560792639706e-06,-0.0019469077275368093
593,1.8144393413504503,-9.092680041519247e-06,-0.0015642237539926743
594,1.8129533287943287,-8.903138165193131e-06,-0.003054083687563324
595,1.8100519493009213,-8.729767349628892e-06,-0.00238615803300838
596,1.8077850991789424,-8.541256851531269e-06,0.00035899536259890183
597,1.808126144782399,-8.34853218451459e-06,-0.0023570051441238957
598,1.8058869899041368,-8.200711302417882e-06,-0.0012388811850270875
599,1.8047100527866642,-8.024185609904076e-06,-0.00314611042180874
600,1.801721247893931,-7.871398435282264e-06,-1.6846072640483087e-05
601,1.8017052441325696,-7.688740385194005e-06,0.0011253831410261593
602,1.802774358123889,-7.532343639071304e-06,4.336359927203069e-05
603,1.8028155535502661,-7.394206376081755e-06,0.0005927602652851889
604,1.8033786758090788,-7.2468120791913914e-06,-0.00021544083221769548
605,1.8031740070250055,-7.110649701039425e-06,0.0010923900394766148
606,1.804211777568782,-6.964542602377684e-06,0.0009889134595295688
607,1.8051512453613692,-6.832371271857404e-06,0.003556442095586766
608,1.8085298653579698,-6.6907771427434025e-06,0.008703774938469636
609,1.816798451555076,-6.5500431637358785e-06,0.008954038989070354
610,1.8253047886000606,-6.450093600329235e-06,0.010251597370442646
611,1.8350438061071606,-6.3481054965480226e-06,0.010493811512774618
612,1.8450129270493008,-6.256088557778597e-06,0.008955802174961119
613,1.8535209391203549,-6.1729941719330036e-06,0.009474044325850004
614,1.8625212812345855,-6.07802865413155e-06,0.010954154170931107
615,1.8729277277014793,-5.982381051632895e-06,0.012100129034780985
616,1.8844228502888767,-5.893840477343618e-06,0.011808426096996475
617,1.8956408550852364,-5.815064216582141e-06,0.010908961242696115
618,1.9060043682698735,-5.738425168840654e-06,0.0140238074809214
619,1.9193269853806805,-5.646025794787213e-06,0.015180839697962033
620,1.9337487830975473,-5.570394598197139e-06,0.017186872686506732
621,1.9500763121534073,-5.495874085466557e-06,0.015023006335097105
622,1.96434816817532,-5.441181234537404e-06,0.017117562708843993
623,1.9806098527521747,-5.367148235725316e-06,0.013343995820784212
624,1.9932866487852738,-5.317816790241402e-06,0.01363209391827292
625,2.006237138010877,-5.246287843717843e-06,0.013009290810568721
626,2.018595964284057,-5.178992264074993e-06,0.012682451842339794
627,2.030644293537317,-5.1099304173084476e-06,0.011226482046691225
628,2.0413094514846124,-5.04409906867692e-06,0.012526829213683437
629,2.0532099392404493,-4.967621686677085e-06,0.012977025049668276
630,2.065538113040377,-4.897553241441865e-06,0.012718559389419242
631,2.077620744462978,-4.831275835744279e-06,0.016213882856232154
632,2.093023933178958,-4.755044005278634e-06,0.017487293542004217
633,2.1096368620463393,-4.693326338281017e-06,0.016979565700648153
634,2.1257674494643557,-4.639494349176907e-06,0.016107610423079465
635,2.1410696793686075,-4.585843004511847e-06,0.011328021603153153
636,2.151831299893861,-4.540460948151813e-06,0.0094799559379541
637,2.160837258037101,-4.4784502339207695e-06,0.008043169037798885
638,2.168478268625119,-4.412541870302187e-06,0.0060191869646554555
639,2.1741964962435785,-4.346127665554347e-06,0.005500480525829815
640,2.17942195274508,-4.27337315115753e-06,0.00886701780695275
641,2.1878456196635736,-4.1920982401210025e-06,0.009451806805842336
642,2.1968248361309453,-4.124569496028693e-06,0.008509881542316146
643,2.2049092235979044,-4.062414137071421e-06,0.005913230188254187
644,2.210526792278445,-4.002992618662117e-06,0.007521060607071447
645,2.2176717998567987,-3.931187025339551e-06,0.006684223150128635
646,2.224021811850999,-3.86831875452625e-06,0.010089987641488577
647,2.2336073001119314,-3.7965556135927317e-06,0.009900938213832366
648,2.243013191416538,-3.738611227104709e-06,0.012273164355613413
649,2.254672697555784,-3.676260036356235e-06,0.012604784994981284
650,2.2666472433023817,-3.6224065781829216e-06,0.012125863585059916
651,2.2781668137095084,-3.5712486423314976e-06,0.011771860138938479
652,2.289350080842775,-3.519770748594078e-06,0.012434431016087705
653,2.3011627903092893,-3.466620833766093e-06,0.011758864186588946
654,2.3123337112877387,-3.417472062834161e-06,0.008036024964817146
655,2.3199679350054665,-3.373179128901009e-06,0.0038645233718753325
656,2.3236392322098607,-3.3249814206836368e-06,0.0022362727712784748
657,2.3257636913436475,-3.2676254098379773e-06,0.0004885863804116176
658,2.326227848406071,-3.209297402282574e-06,0.0008828992401158989
659,2.327066602685173,-3.1463761555603242e-06,0.0005775124325659237
660,2.327615239497065,-3.086267180749718e-06,0.0015346072204979278
661,2.329073116357455,-3.025014949090985e-06,0.0010123447184685983
662,2.3300348438408824,-2.96833578672871e-06,0.0020854724124811054
663,2.332016042633587,-2.9097719434584617e-06,0.0026573174812808166
664,2.3345404942416192,-2.8543288945748414e-06,0.004732197413702744
665,2.3390360817854208,-2.7984895573379476e-06,0.002694988421326529
666,2.3415963207864365,-2.7517095325292716e-06,-0.0012417884714819275
667,2.3404166217392572,-2.706009480183249e-06,-0.0024214077118502584
668,2.3381162844136996,-2.6531710997556056e-06,-0.0008433503970081131
669,2.3373151015372136,-2.5965531597058748e-06,-0.002118063307722438
670,2.3353029413955233,-2.5463849302789615e-06,-0.0029702292735214793
671,2.3324812235862984,-2.4953683678945494e-06,-0.0053999672124329014
672,2.3273512547350834,-2.446449641416898e-06,-0.007078368036327531
673,2.3206268051011447,-2.3952248372404245e-06,-0.007112654698931265
674,2.313869783137709,-2.341538835744799e-06,-0.010250493648976178
675,2.304131814171708,-2.2925701141421636e-06,-0.010039923070629005
676,2.2945938872551146,-2.2379699921664496e-06,-0.009502080535309746
677,2.2855669107470526,-2.1844578200225623e-06,-0.009423617515427226
678,2.2766144741078587,-2.133155574919554e-06,-0.008703144316734319
679,2.268346487007403,-2.082411917628522e-06,-0.009595488950220705
680,2.259230772505117,-2.0351270907211075e-06,-0.006552566821440276
681,2.2530058340251533,-1.984140058073751e-06,-0.004640459513833826
682,2.2485973974873987,-1.937981483997024e-06,-0.0059906404443383215
683,2.2429062890656493,-1.897596689501799e-06,-0.005844318435560084
684,2.2373541865522237,-1.8555542243079524e-06,-0.006880577170340475
685,2.2308176382407425,-1.8156576723652586e-06,-0.003992907064036349
686,2.2270243765302355,-1.7722068187535348e-06,-0.004032367676636669
687,2.223193627237745,-1.7345451402527169e-06,-0.0062327065167098235
688,2.2172725560471727,-1.6995692421555585e-06,-0.004228701000332244
689,2.213255290097146,-1.6600764489417593e-06,-0.002794806384580493
690,2.210600224032072,-1.6233598664789326e-06,-0.0030622722230724633
691,2.207691065420419,-1.5898466090340746e-06,-0.003957506258518666
692,2.2039314344750816,-1.557359582328556e-06,-0.0045967789918145
693,2.199564494433103,-1.5247425033860784e-06,-0.004490772467653992
694,2.195298260589067,-1.4918072177737014e-06,-0.0063839304282266056
695,2.1892335266824774,-1.4611894933611894e-06,-0.0024542427518787747
696,2.186901996068409,-1.4256163596433597e-06,-0.0024795770622204464
697,2.1845463978595068,-1.3961953140796696e-06,0.002054173186859228
698,2.1864978623872218,-1.3640439064102481e-06,0.0010472859536826361
699,2.1874927840434117,-1.3392129028348183e-06,0.0005760497354349907
700,2.188040031292259,-1.3138814996565752e-06,-4.212146668104136e-05
701,2.188000015899089,-1.288865762811463e-06,0.0017729689341430357
702,2.1896843363866947,-1.262349267727065e-06,0.0036828294732316248
703,2.193183024386428,-1.2372908366841525e-06,0.004129456615195758
704,2.197106008171021,-1.2146833052710813e-06,0.006198582718339461
705,2.2029946617535945,-1.1916886414028437e-06,0.008204846310813517
706,2.2107892657490127,-1.170216506247722e-06,0.009794125033044705
707,2.2200936845305455,-1.1503793149095484e-06,0.008471521546307318
708,2.228141629999673,-1.1333844145715283e-06,0.005760392663375309
709,2.2336140030300102,-1.1167954945944806e-06,0.00221947939738827
710,2.2357225084576555,-1.0996285235249049e-06,-0.0008090734146875291
711,2.2349538887138243,-1.0807914118958855e-06,-0.0014002704524220199
712,2.2336236317841403,-1.0595616578715096e-06,-0.003908128552139162
713,2.2299109096597207,-1.0395254258573818e-06,-0.0039294420902589635
714,2.226177939674083,-1.017463299972079e-06,-0.0007465033271305483
715,2.225468761513412,-9.941907361131526e-07,-0.0010213653256259969
716,2.2244984644541668,-9.745265854145436e-07,-0.004753587852687995
717,2.219982555994209,-9.568680510307085e-07,-0.0028351761451142813
718,2.217289138656442,-9.352657879948621e-07,-0.003143815013226913
719,2.2143025143939643,-9.159647417604559e-07,-0.003985464754332178
720,2.2105163228774334,-8.971936120401787e-07,-0.004328227317073163
721,2.206404506926295,-8.782590385357505e-07,-0.006762547694715301
722,2.1999800866163937,-8.605427372730851e-07,-0.0063873240384081445
723,2.1939121287799805,-8.410549577073191e-07,-0.004558847998388969
724,2.1895812231815825,-8.215011104748242e-07,-0.006380510978153029
725,2.183519737752406,-8.045845979498579e-07,-0.004921618344540073
726,2.1788442003251585,-7.860217360673347e-07,-0.003457116611817141
727,2.1755599395439953,-7.683630392165458e-07,-0.0044208911216243995
728,2.171360092978513,-7.525512857200921e-07,-0.0021814544862252118
729,2.169287711216657,-7.35491520839589e-07,-0.004389817082746486
730,2.1651173849881036,-7.212363123921302e-07,-0.003290860880202059
731,2.161991067151965,-7.053218159680875e-07,-0.0034134027154341094
732,2.158748334572354,-6.9054078129787e-07,-0.003407693702156659
733,2.1555110255553545,-6.759851218427678e-07,-0.0024601529771045142
734,2.1531738802271523,-6.614001209804106e-07,-0.0019095758887987813
735,2.151359783132839,-6.475365926139309e-07,-0.005739134129126487
736,2.1459076057102124,-6.356198878966879e-07,-0.008045901674210994
737,2.138263999119754,-6.223586029688805e-07,-0.009804799583409355
738,2.128949439515555,-6.085718622887705e-07,-0.009786654307940354
739,2.1196521179230503,-5.940479819441177e-07,-0.007737228973640847
740,2.112301750398128,-5.792202811363159e-07,-0.005232733481536425
741,2.1073306535907035,-5.651235846574997e-07,-0.0036276149403045204
742,2.1038844193974477,-5.522533883579546e-07,-0.0030959551941291278
743,2.1009432619630575,-5.403823750891754e-07,-0.00488168396556116
744,2.0963056621958054,-5.295703967425934e-07,-0.0022748961037063202
745,2.0941445108973142,-5.172950422139485e-07,-0.0019492785514729273
746,2.0922926962734434,-5.065381343408374e-07,-0.004327849678729363
747,2.088181239078678,-4.968239402962915e-07,-0.005351348994335502
748,2.0830974575340853,-4.864044447050414e-07,-0.0026476613261445514
749,2.0805821792742734,-4.7499223827527635e-07,0.0003525246004514259
750,2.0809170776447266,-4.643367780735452e-07,-0.0015369206270524638
751,2.07945700304905,-4.55787274744275e-07,0.002756001421283534
752,2.082075204399292,-4.454636731158308e-07,0.004441618084179856
753,2.0862947415792843,-4.368666344710052e-07,0.005355871335593085
754,2.0913828193481185,-4.289510680205632e-07,0.0027491424267917976
755,2.093994504653591,-4.221831067405535e-07,0.006915626317027897
756,2.1005643496547863,-4.1346028860458097e-07,0.006463395218795862
757,2.1067045751126607,-4.067323270551681e-07,0.004636681654728721
758,2.1111094226846707,-4.003325498557523e-07,0.0035373022078528985
759,2.1144698597821483,-3.9354492203119736e-07,0.0031506835295272997
760,2.1174630091352156,-3.8652621213224194e-07,0.0010123015749810165
761,2.1184246956314636,-3.7993198541973965e-07,0.0021896425732263764
762,2.1205048560760438,-3.724101208892299e-07,0.0018457335008106915
763,2.1222583029018285,-3.6553605943589504e-07,-0.0017111960183837061
764,2.120632666684378,-3.593665385353456e-07,-0.003373239651844102
765,2.1174280890151396,-3.5237174572075024e-07,-0.005473968314882539
766,2.1122278191160144,-3.4533947625205345e-07,-0.006815862550597337
767,2.1057527496929596,-3.3798839265063466e-07,-0.007574364663973227
768,2.098557103262197,-3.3048732447987765e-07,-0.006820733547391667
769,2.0920774063921863,-3.2277005726602697e-07,-0.007069013022501779
770,2.0853618440208206,-3.15511307450015e-07,-0.007089404983160521
771,2.078626909286829,-3.083392719424856e-07,-0.008233429204589016
772,2.0708051515424795,-3.015134524299585e-07,-0.0064480609323816305
773,2.0646794936567265,-2.9419968838880126e-07,-0.0066797986700160555
774,2.0583336849202207,-2.876184186773385e-07,-0.00236579771163939
775,2.0560861770941723,-2.804314304860086e-07,-0.004034787731202659
776,2.0522531287495385,-2.748924098441622e-07,-0.003915073354448372
777,2.0485338090628207,-2.6898284516438163e-07,-0.0011187815768337055
778,2.0474709665648363,-2.6281401823258924e-07,-0.0033550341506682286
779,2.044283684121709,-2.578547677874444e-07,-0.005089180417726004
780,2.039448962724877,-2.526550465184761e-07,-0.007066039698643854
781,2.0327362250111722,-2.473952320800476e-07,-0.006972471894659573
782,2.0261123767112523,-2.417363174383813e-07,-0.007210026178414225
783,2.019262851841765,-2.3625933663368073e-07,-0.006422466612653718
784,2.01316150855975,-2.307425041577847e-07,-0.00386528167349409
785,2.0094894909699366,-2.252045194034493e-07,-0.0059849448953036306
786,2.003803793319404,-2.20657219773466e-07,-0.006456619454301283
787,1.997670004837823,-2.157796009686336e-07,-0.005335133734348585
788,1.992601627790197,-2.1076602701416892e-07,-0.01009131524574608
789,1.9830148783067432,-2.0668224821094058e-07,-0.01063996555155342
790,1.9729069110327722,-2.017251233318363e-07,-0.011019531076936262
791,1.9624383565096872,-1.9681174482098422e-07,-0.011678762468105877
792,1.951343532164991,-1.9201012070518055e-07,-0.010526962505790969
793,1.9413429177844936,-1.8706041943748793e-07,-0.007806372721975343
794,1.933926863698621,-1.821624557271257e-07,-0.00849320882272869
795,1.9258583153170326,-1.779848832980652e-07,-0.0036773548958789056
796,1.9223648281659511,-1.7326689220075318e-07,-0.0048987747214717815
797,1.9177109921805564,-1.6968731133081255e-07,-0.0047750351021124205
798,1.913174708833553,-1.6594611962430712e-07,-0.0041018269136265635
799,1.9092779732656109,-1.6224218140294093e-07,-0.006946804148153936
800,1.9026785093248677,-1.590127434851512e-07,-0.0056836799930282
801,1.8972790133314938,-1.552385880356997e-07,-0.005357409551237389
802,1.8921894742578211,-1.5173398037745867e-07,-0.004776796030042667
803,1.8876515180292832,-1.4830818422530098e-07,-0.0024626478492969896
804,1.8853120025724537,-1.4484588067414472e-07,-0.0022481836563486355
805,1.883176228098925,-1.4181126045769252e-07,7.889782396516658e-05
806,1.8832511810316943,-1.3867366276790269e-07,-0.0026006251691717166
807,1.8807805871209835,-1.3618542104280647e-07,-0.0029779273543727672
808,1.8779515561343316,-1.3337136583688077e-07,-0.0003192713062646021
809,1.8776482483933823,-1.303449249217524e-07,-0.0004643980772145184
810,1.8772070702200305,-1.2778001241322948e-07,-0.0028828626841814016
811,1.8744683506700601,-1.2543307453215172e-07,-0.005050571720112848
812,1.8696703075359549,-1.229596976414122e-07,-0.006312722837223796
813,1.8636732208405942,-1.2033541572765103e-07,-0.008621869508650726
814,1.8554824448073777,-1.1776809561161965e-07,-0.0072000790183810335
815,1.8486423697399172,-1.1485210511330234e-07,-0.012470197683000547
816,1.8367956819410682,-1.1255789441067993e-07,-0.013489444403363608
817,1.8239807097578744,-1.0971957621831311e-07,-0.015596273343589939
818,1.8091642500814653,-1.0696665737671356e-07,-0.017562945022332153
819,1.7924794523102512,-1.0415627500868172e-07,-0.017823901157815125
820,1.775546746210328,-1.0119976749595786e-07,-0.01940257285486642
821,1.7571143019982063,-9.838961341565952e-08,-0.017477248911648223
822,1.7405109155321417,-9.535125716218014e-08,-0.018182344745892223
823,1.7232376880235452,-9.265162912856297e-08,-0.018377698061753368
824,1.7057788748648806,-8.995604376129744e-08,-0.0157835393177941
825,1.6907845125129772,-8.715684258813886e-08,-0.014448926718172222
826,1.6770580321307147,-8.462770545321278e-08,-0.013473969431081704
827,1.664257761171188,-8.224620743851682e-08,-0.012851987802923853
828,1.6520483727584112,-7.998927781430667e-08,-0.014458072853479359
829,1.6383132035476067,-7.793808247508552e-08,-0.01313202363292699
830,1.625837781096327,-7.571027444812983e-08,-0.00823823958000204
831,1.6180114534953258,-7.340979240848093e-08,-0.008352259875420697
832,1.6100768066136768,-7.163182017627702e-08,-0.009941422769021139
833,1.6006324549831075,-6.996484064226486e-08,-0.012479944080912334
834,1.5887765081062415,-6.831863001748837e-08,-0.015699936684078996
835,1.573861568256367,-6.66430036959775e-08,-0.015601630347660624
836,1.55904001942609,-6.472524663691742e-08,-0.015902277492991796
837,1.5439328558077485,-6.287932659637538e-08,-0.013016824608186628
838,1.5315668724299718,-6.092466408400497e-08,-0.012525853852048923
839,1.519667311270526,-5.923439592600518e-08,-0.010576771230274803
840,1.5096193786017653,-5.75406878834078e-08,-0.008801155846117202
841,1.5012582805479544,-5.596625201207008e-08,-0.005963894392161004
842,1.4955925808754018,-5.44476697772107e-08,-0.0062832613001483194
843,1.4896234826402615,-5.319271409010089e-08,-0.0040287622573976145
844,1.4857961584957342,-5.185143538330495e-08,-0.0029252317177009997
845,1.4830171883639187,-5.0660792919235756e-08,-0.004904383573687922
846,1.4783580239689156,-4.965168145662438e-08,-0.006709448468333944
847,1.4719840479239987,-4.8594554247372e-08,-0.005534747996973283
848,1.4667260373268745,-4.739350955697751e-08,-0.005888675156289224
849,1.4611317959284,-4.631193838270208e-08,-0.010015750221913564
850,1.4516168332175825,-4.537967820856317e-08,-0.009001383040778856
851,1.4430655193288429,-4.4166748785583334e-08,-0.008030255178303627
852,1.4354367769094547,-4.301396920416291e-08,-0.007232382590635457
853,1.4285660134483513,-4.1922064547040986e-08,-0.0038190593807826915
854,1.424937907036608,-4.0791260342698884e-08,-0.004424650918929645
855,1.420734488663625,-3.9909875867570453e-08,-0.00727620879052709
856,1.4138220903126246,-3.9103240768103764e-08,-0.005644100221440776
857,1.4084601951022562,-3.81000792289262e-08,-0.005052089598589151
858,1.4036607099835967,-3.71938718410394e-08,-0.003598131563923862
859,1.4002424849978692,-3.629715716310589e-08,-0.002123654014146572
860,1.39822501368443,-3.5455616782778226e-08,-0.0017183425031450875
861,1.3965925883064425,-3.469870964928856e-08,-0.002735110514119528
862,1.393994233318029,-3.400746933616062e-08,-0.0027293598128393685
863,1.391401341495832,-3.327860764969865e-08,-0.0029091252814681828
864,1.3886376724784373,-3.257042985274682e-08,-0.0036762993757170127
865,1.3851451880715062,-3.18889906529236e-08,-0.003178740181100135
866,1.3821253848994612,-3.117231468015837e-08,-0.0032593927071070195
867,1.3790289618277096,-3.0496711335205324e-08,-0.0029989376507243036
868,1.3761799710595217,-2.982538921625039e-08,-0.005029347934591172
869,1.3714020905216602,-2.9230364157528297e-08,-0.005349151831773414
870,1.3663203962814756,-2.856587588940097e-08,-0.007374757991770736
871,1.3593143761892936,-2.7950441651217e-08,-0.009123017067615358
872,1.3506475099750592,-2.7303365690587994e-08,-0.005913269530455301
873,1.3450299039211269,-2.6525574254559628e-08,-0.007651304572378363
874,1.3377611645773675,-2.5936650939495133e-08,-0.006297539802981998
875,1.3317785017645347,-2.5261948943821706e-08,-0.009350817618655043
876,1.3228952250268124,-2.472197365364771e-08,-0.009090403745296034
877,1.3142593414687813,-2.407139506022076e-08,-0.006550100132511959
878,1.308036746342895,-2.3394183878953e-08,-0.004652883656677735
879,1.3036165068690513,-2.2789149600427475e-08,-0.005903217943603067
880,1.2980084498226285,-2.2291898751100235e-08,-0.0040205745499797205
881,1.294188904000148,-2.1724691587393574e-08,-0.004564377314010558
882,1.289852745551838,-2.1246629554174485e-08,-0.006270810627533232
883,1.2838954754556815,-2.0792398735902552e-08,-0.008372608577065128
884,1.2759414973074696,-2.0329576978305562e-08,-0.011969928533446493
885,1.2645700652006955,-1.987299871578205e-08,-0.010432439694640628
886,1.254659247490787,-1.928450806521858e-08,-0.00835950926657832
887,1.2467177136875376,-1.8723844477805326e-08,-0.004599400819198364
888,1.242348282909299,-1.8177799507647734e-08,-0.005071910736830946
889,1.2375299677093097,-1.7767017339874136e-08,-0.005473714597124552
890,1.2323299388420415,-1.7357941838467896e-08,-0.006317792654231302
891,1.2263280358205217,-1.6959906505380597e-08,-0.005377363069278023
892,1.2212195409047077,-1.6532160022466967e-08,-0.004795063740949747
893,1.2166642303508055,-1.613190303338141e-08,-0.007565364049278853
894,1.2094771345039907,-1.57984838144596e-08,-0.006232804549767228
895,1.203555970181712,-1.537824623056706e-08,-0.004779149590862217
896,1.199015778070393,-1.4982352216638382e-08,-0.00403205319904205
897,1.1951853275313031,-1.4622849605052273e-08,-0.0043129281725607935
898,1.1910880457673705,-1.4294404984851218e-08,-0.007931054951841161
899,1.1835535435631215,-1.4015512141541632e-08,-0.007332112034955304
900,1.176588037129914,-1.364645759783981e-08,-0.00717911195573722
901,1.1697678807719636,-1.329870531485051e-08,-0.007752124137180221
902,1.1624033628416424,-1.297025193603528e-08,-0.007228983403919502
903,1.155535828607919,-1.2629914790869404e-08,-0.0073164677734614235
904,1.1485851842231305,-1.2310718877268853e-08,-0.006807167773448987
905,1.1421183748383539,-1.1991112346276832e-08,-0.006700332510293569
906,1.135753058953575,-1.1688991913619618e-08,-0.007305033193829054
907,1.1288132774194373,-1.140338384445067e-08,-0.009158198523611221
908,1.1201129888220067,-1.1133083811830023e-08,-0.0111772073817803
909,1.1094946418093155,-1.0853987378945216e-08,-0.009935571704839712
910,1.1000558486897178,-1.0527860720069503e-08,-0.009512728181881314
911,1.0910187569169305,-1.0229994884326497e-08,-0.00822317238445366
912,1.0832067431516996,-9.934271792744566e-09,-0.006938943847625066
913,1.076614746496456,-9.657108525137352e-09,-0.006849805227064418
914,1.0701074315307448,-9.409661928177095e-09,-0.0026760097878746995
915,1.0675652222322638,-9.12844025576874e-09,-0.003546762182713214
916,1.0641957981586863,-8.936713659288907e-09,-0.0032340368562793218
917,1.0611234631452209,-8.730958529218225e-09,-0.004087395000356293
918,1.0572404378948823,-8.543108873125652e-09,-0.0046011128969084296
919,1.0528693806428193,-8.349788728302004e-09,-0.006438649387078173
920,1.046752663725095,-8.168889995712539e-09,-0.0047566265217481515
921,1.0422338685294343,-7.947713577162922e-09,-0.005578800324187996
922,1.0369340082214558,-7.765510364944181e-09,-0.003988666326055289
923,1.0331447752117033,-7.56131941671046e-09,-0.0016609757176848077
924,1.0315668482799027,-7.366784567158729e-09,-0.001620456769221686
925,1.0300274143491421,-7.210998260190009e-09,-0.0026022738459362113
926,1.0275552541955026,-7.06690200004429e-09,-0.0018526357062065818
927,1.0257952502746064,-6.905896755607184e-09,-0.0006292314230486615
928,1.0251974804227102,-6.749540892309408e-09,0.0007011222190729559
929,1.0258635465308295,-6.603350125924376e-09,-0.00198911221204974
930,1.0239738899293822,-6.49789460126383e-09,0.0011203832536539064
931,1.0250382540203535,-6.336325623695825e-09,-0.0006932589280024856
932,1.0243796580387512,-6.23138741315082e-09,-0.0034190273311646953
933,1.0211315820741447,-6.1241976099893284e-09,-0.0020174360746062036
934,1.0192150178032688,-5.975615278318334e-09,-0.0026056618250304524
935,1.0167396390694898,-5.851399550292856e-09,-0.0022565122222138363
936,1.0145959524583867,-5.720491619060501e-09,-0.0017131307410646083
937,1.0129684782543753,-5.593047263588274e-09,0.0018132995365949553
938,1.0146911128141405,-5.452435446844016e-09,0.002021479077220944
939,1.0166115179375004,-5.353351564388538e-09,0.0028597890907893827
940,1.0193283175737502,-5.2532754060762645e-09,0.0020381554011847467
941,1.0212645652048757,-5.168945495077875e-09,0.0005264258441779566
942,1.0217646697568448,-5.086020695508811e-09,0.00222415625044311
943,1.0238776181947657,-4.979072690712011e-09,0.0032886477824317258
944,1.027001833588076,-4.8856226083156685e-09,0.006274899563134004
945,1.0329629881730533,-4.788155649115635e-09,0.004419380546566583
946,1.0371613996922915,-4.731667515339987e-09,0.004940973184508121
947,1.041855324217574,-4.655095330002393e-09,0.006236864025073199
948,1.0477803450413936,-4.577906787335013e-09,0.002587755491949681
949,1.0502387127587458,-4.532294566450051e-09,-8.996909623090223e-05
950,1.0501532421173265,-4.4671528446731135e-09,0.0008988648566100692
951,1.051007163731106,-4.374400492963859e-09,0.001317566078722189
952,1.0522588515058922,-4.2901240957836476e-09,-2.569718929079515e-05
953,1.0522344391760658,-4.217293905032949e-09,0.0017974524470076734
954,1.0539420190007232,-4.126158224748841e-09,-8.337064716314744e-05
955,1.053862816885918,-4.060273880144442e-09,-0.002960346717757436
956,1.0510504875040485,-3.99302294975255e-09,-0.0026423636381793557
957,1.048540242047778,-3.902943671795732e-09,-0.0022459091573450557
958,1.0464066283483002,-3.81562633223656e-09,-0.0002410163709902005
959,1.0461776627958594,-3.724902626991899e-09,0.00021948932663122357
960,1.0463861776561592,-3.6491941469038154e-09,0.0018755442366488312
961,1.0481679446809755,-3.571753413837133e-09,-0.00015621147670779093
962,1.048019543778103,-3.5156340897653963e-09,0.0015799401937302447
963,1.0495204869621468,-3.4395604972437835e-09,-0.0005878231091859284
964,1.0489620550084202,-3.3850985469157915e-09,0.0014972459039182806
965,1.0503844386171426,-3.3092810953524075e-09,0.0010287281793672028
966,1.0513617303875413,-3.250491420566847e-09,0.0009609561952348064
967,1.0522746387730144,-3.189964562738895e-09,8.46693908326205e-05
968,1.0523550746943053,-3.1331755133047956e-09,-0.00017719156287556684
969,1.0521867427095735,-3.0728663940693326e-09,-0.0008064913426597676
970,1.0514205759340467,-3.014231258562327e-09,-0.003688994060150913
971,1.0479160315769034,-2.962404456099043e-09,-0.005161365756133605
972,1.0430127341085764,-2.8993971763625655e-09,-0.006153900565440961
973,1.0371665285714076,-2.832441138028966e-09,-0.005312633507201376
974,1.0321195267395662,-2.75885225793554e-09,-0.003994972445955015
975,1.028324302915909,-2.687692899874618e-09,-0.004411408607186423
976,1.0241334647390818,-2.626580731016135e-09,-0.0034227626058296727
977,1.0208818402635436,-2.5617661939763334e-09,-0.002350241111014589
978,1.0186491112080798,-2.50053914690523e-09,-0.0028516003060798174
979,1.015940090917304,-2.4475609515637693e-09,-0.007577437640555817
980,1.008741525158776,-2.4061394757075256e-09,-0.007128804842959377
981,1.0019691605579646,-2.3411861383327646e-09,-0.0038643279159479085
982,0.998298049037814,-2.2714113441303025e-09,-0.004751624362990222
983,0.9937840058929733,-2.2210390908704445e-09,-0.003033739067167131
984,0.9909019537791646,-2.1633551287116198e-09,-0.004298631990975117
985,0.9868182533877382,-2.1179420076773677e-09,-0.005399156531628821
986,0.9816890546826909,-2.070573336459606e-09,-0.000907001631510581
987,0.9808274031327558,-2.008789212349259e-09,-0.001007585423623141
988,0.9798701969803139,-1.9679093495746665e-09,-0.0028419924066358606
989,0.9771703041940097,-1.9316421493467693e-09,-0.00040987547079295245
990,0.9767809224967564,-1.8831072483811816e-09,0.0002323710536127627
991,0.9770016749976885,-1.8440349490362298e-09,0.0010050201036526831
992,0.9779564440961586,-1.8066191488274951e-09,-0.002834418676821496
993,0.9752637463531781,-1.7810491595599068e-09,-0.003375721022178111
994,0.972056811382109,-1.7424575191055505e-09,-0.0030673875422906026
995,0.9691427932169329,-1.702070076358883e-09,-0.0032347323011822056
996,0.9660697975308098,-1.664045629191941e-09,-0.0051016740383939595
997,0.9612232071943355,-1.6299124841289234e-09,-0.005510245833634547
998,0.9559884736523827,-1.590768536278312e-09,-0.002353338738195709
999,0.9537528018510968,-1.5452107937730215e-09,-0.0030161075291460573
1000,0.950887499698408,-1.5126003001373997e-09,-0.0015804009038207138
1001,0.9493861188397783,-1.475910905394261e-09,0.0015251235935602344
1002,0.9508349862536605,-1.439194906394748e-09,0.0011642002374034276
1003,0.9519409764791937,-1.4137589967396194e-09,0.0008271503027839236
1004,0.9527267692668384,-1.3882261098951914e-09,0.0031368078732974605
1005,0.955706736746471,-1.3582786053620866e-09,0.00534754550819562
1006,0.9607869049792568,-1.332212181041813e-09,0.006446982753930628
1007,0.9669115385954908,-1.31131620194059e-09,0.0036944064178973594
1008,0.9704212246924934,-1.2981898137217805e-09,0.004572808576575465
1009,0.9747653928402401,-1.2760221236827192e-09,0.004835026114226988
1010,0.9793586676487558,-1.2562371210077415e-09,0.005097250416695311
1011,0.9842010555446163,-1.2370539750354064e-09,0.008331307878169323
1012,0.9921157980288772,-1.2141357060102195e-09,0.005998542147844196
1013,0.9978144130693292,-1.2033173977767769e-09,0.009347952951996516
1014,1.0066949683737259,-1.1818730709612436e-09,0.005520664539228008
1015,1.0119395996859926,-1.1743616681109313e-09,0.0030158134674794466
1016,1.014804622480098,-1.1607315442346124e-09,0.0029833248478767405
1017,1.017638781085581,-1.1412479022891069e-09,0.0022027560551497014
1018,1.019731399337973,-1.1230123718877e-09,0.003033482502710998
1019,1.0226132077155485,-1.1022122612469524e-09,0.004434593186737544
1020,1.0268260712429491,-1.081928477672227e-09,0.002083616319417125
1021,1.0288055067463955,-1.0679623770744528e-09,0.0016142176274899125
1022,1.030339013492511,-1.049604172352586e-09,0.001956402464354683
1023,1.032197595833648,-1.0301607683548083e-09,-0.0008068681759004503
1024,1.0314310710665426,-1.0149508237554296e-09,-0.0011816646171571537
1025,1.0303084896802432,-9.947322192103867e-10,-0.00113823981744902
1026,1.0292271618536666,-9.74119887130436e-10,-0.00035079534396286057
1027,1.0288939062769018,-9.531689953514776e-10,-0.0011333115425004167
1028,1.0278172603115263,-9.350045614279598e-10,0.001188405008889211
1029,1.0289462450699711,-9.133057880753154e-10,0.0009317521732038438
1030,1.0298314096345147,-8.966435925438222e-10,0.00046312017805260215
1031,1.0302713738036646,-8.802864205260622e-10,-0.0027205112809469147
1032,1.0276868880867651,-8.665054755688573e-10,-0.004443814164744264
1033,1.023465264630258,-8.490414567663226e-10,-0.005417430674854639
1034,1.018318705489146,-8.299057141528373e-10,-0.00801250046777673
1035,1.0107068300447581,-8.119560865400385e-10,-0.00854579258091347
1036,1.0025883270928904,-7.906205125599574e-10,-0.00990679249160011
1037,0.9931768742258703,-7.701572132211529e-10,-0.016046790971622954
1038,0.9779324228028285,-7.533761547251259e-10,-0.013453892255981663
1039,0.965151225159646,-7.252710669650684e-10,-0.010381938848126602
1040,0.9552883832539257,-6.993417513166392e-10,-0.009099632702437861
1041,0.9466437321866098,-6.776611010399829e-10,-0.008464305339425902
1042,0.9386026421141552,-6.579182970261275e-10,-0.00811598731162861
1043,0.9308924541681081,-6.393217330031023e-10,-0.01237653600734527
1044,0.91913474496113,-6.249710504074622e-10,-0.01189160837532612
1045,0.9078377170045702,-6.047295488823778e-10,-0.01420324616204932
1046,0.8943446331506233,-5.874051713454419e-10,-0.015436041998119106
1047,0.8796803932524101,-5.683763292744948e-10,-0.017459416463659803
1048,0.8630939476119333,-5.497152600725118e-10,-0.016414661466581475
1049,0.8475000192186809,-5.282755238612609e-10,-0.010292548631463797
1050,0.8377220980187903,-5.04574383402011e-10,-0.010747760729169786
1051,0.827511725326079,-4.893584093417378e-10,-0.007470174240379674
1052,0.8204150597977183,-4.718466289531635e-10,-0.006187263198323934
1053,0.8145371597593106,-4.578418251974039e-10,-0.0027207934851364453
1054,0.811952405948431,-4.4348577468944107e-10,-0.0001923936698557051
1055,0.8117696319620681,-4.3184895729762553e-10,-0.003861123143796652
1056,0.8081015649754613,-4.2551471226476665e-10,-0.0014493043530466277
1057,0.8067247258400669,-4.1386025364031955e-10,-0.0002804841090559003
1058,0.8064582659364639,-4.0437302431950995e-10,-0.0025699008952231868
1059,0.8040168600860018,-3.976237964113048e-10,-0.0016219750578095964
1060,0.8024759837810826,-3.881194983790886e-10,-0.004396851326033216
1061,0.798298975021351,-3.8130854734549196e-10,-0.0037852221158778394
1062,0.7947030140112671,-3.7156847779179957e-10,-0.0012795559634520923
1063,0.7934874358459876,-3.613258112241556e-10,-0.0007368723026584673
1064,0.7927874071584621,-3.534187916835737e-10,-0.003114303293487803
1065,0.7898288190296486,-3.473921294597777e-10,-0.003553648523874923
1066,0.7864528529319674,-3.395342486455927e-10,-0.002679675206953721
1067,0.7839071614853614,-3.3103432350075957e-10,-0.0009091177843788152
1068,0.7830434995902016,-3.226490065964528e-10,-0.00046266050234747833
1069,0.7826039721129715,-3.157648653104397e-10,-0.0011706066128527024
1070,0.7814918958307614,-3.0972568255864904e-10,-0.0022204043233470597
1071,0.7793825117235816,-3.03695731371407e-10,-0.0011459744285075434
1072,0.7782938360164995,-2.9646446156076816e-10,0.002180329641874077
1073,0.7803651491762799,-2.888030633212345e-10,0.003475435862972196
1074,0.7836668132461034,-2.83345415466287e-10,0.0020151309635208286
1075,0.7855811876614482,-2.7957999228321095e-10,0.004396599135900865
1076,0.789757956840554,-2.7379604709902487e-10,0.003981942542430338
1077,0.7935408022558629,-2.700302315425678e-10,0.006771920635570135
1078,0.7999741268596545,-2.6491477753248664e-10,0.006284085277962727
1079,0.8059440078737191,-2.6203503260661263e-10,0.008156934271816069
1080,0.8136930954319443,-2.581245829240318e-10,0.0071281085809067855
1081,0.8204647985838058,-2.5590648824061845e-10,0.006481754118054324
1082,0.8266224649959575,-2.53232826269749e-10,0.0090406181642804
1083,0.8352110522520239,-2.4923737038971527e-10,0.006041257063660595
1084,0.8409502464625014,-2.4796846299594813e-10,0.006219609063897781
1085,0.8468588750732042,-2.44730044057165e-10,0.004765648198762461
1086,0.8513862408620285,-2.421194749588023e-10,0.005108210301637281
1087,0.8562390406485839,-2.385367862187497e-10,0.0050966847072047355
1088,0.8610808911204284,-2.3520566678644323e-10,0.009476964621634651
1089,0.8700840075109814,-2.3052257673317927e-10,0.009708342305058973
1090,0.8793069327007874,-2.283245305524003e-10,0.006796724669719154
1091,0.8857638211370206,-2.2713604704299233e-10,0.005646213687474354
1092,0.8911277241401212,-2.2467507374280999e-10,0.006797479755642339
1093,0.8975853299079815,-2.2127742312972035e-10,0.005839816955974231
1094,0.903133156016157,-2.1879892325476748e-10,0.006982982622535361
1095,0.9097669895075655,-2.15523923063843e-10,0.009380580488438999
1096,0.9186785409715825,-2.1220450804095412e-10,0.010861391566969737
1097,0.9289968629602038,-2.0970688294812674e-10,0.008106461383306353
1098,0.9366980012743448,-2.0866492694318558e-10,0.0065587585555329855
1099,0.9429288219021011,-2.0668798327142217e-10,0.006404567164853938
1100,0.9490131607087123,-2.0403346652570873e-10,0.0025247451484687934
